{"name":"3b475f7e-a05f-418d-80a9-958e6e6ba9b9","id":"/providers/Microsoft.Flow/flows/3b475f7e-a05f-418d-80a9-958e6e6ba9b9","type":"Microsoft.Flow/flows","properties":{"apiId":"/providers/Microsoft.PowerApps/apis/shared_logicflows","displayName":"When a file is created in a folder (deprecated) -> Get items","definition":{"metadata":{"workflowEntityId":null,"processAdvisorMetadata":null,"flowChargedByPaygo":null,"flowclientsuspensionreason":"None","flowclientsuspensiontime":null,"flowclientsuspensionreasondetails":null,"creator":{"id":"5dcd4e0d-57ad-418f-8bfd-73b6231d149f","type":"User","tenantId":"34ca8191-b5fc-49c7-8f74-1c5ede9f8f8c"},"provisioningMethod":"FromDefinition","failureAlertSubscription":true,"clientLastModifiedTime":"2025-02-07T07:55:53.7596277Z","connectionKeySavedTimeKey":"2025-02-07T07:55:53.7596277Z"},"$schema":"https://schema.management.azure.com/providers/Microsoft.Logic/schemas/2016-06-01/workflowdefinition.json#","contentVersion":"1.0.0.0","parameters":{"$authentication":{"defaultValue":{},"type":"SecureObject"},"$connections":{"defaultValue":{},"type":"Object"}},"triggers":{"When_a_file_is_created_in_a_folder_(deprecated)":{"recurrence":{"frequency":"Second","interval":15,"timeZone":"South Africa Standard Time"},"metadata":{"%252fOctodec%252fTestSolar":"/Octodec/TestSolar"},"type":"OpenApiConnection","inputs":{"parameters":{"dataset":"https://gcxafricacoza.sharepoint.com/sites/ClientData","folderId":"%252fOctodec%252fTestSolar","inferContentType":true},"host":{"apiId":"/providers/Microsoft.PowerApps/apis/shared_sharepointonline","connectionName":"shared_sharepointonline","operationId":"OnNewFile"},"authentication":"@parameters('$authentication')"}}},"actions":{"Get_items":{"runAfter":{},"type":"OpenApiConnection","inputs":{"parameters":{"dataset":"https://gcxafricacoza.sharepoint.com/sites/OctodecCityProp","table":"25022713-1de9-44c5-ab86-591a1f66d9e5","$filter":"Title eq 'Solar'\n"},"host":{"apiId":"/providers/Microsoft.PowerApps/apis/shared_sharepointonline","connectionName":"shared_sharepointonline","operationId":"GetItems"},"authentication":"@parameters('$authentication')"}},"For_each":{"foreach":"@outputs('Get_items')?['body/value']","actions":{"Update_item":{"type":"OpenApiConnection","inputs":{"parameters":{"dataset":"https://gcxafricacoza.sharepoint.com/sites/OctodecCityProp","table":"25022713-1de9-44c5-ab86-591a1f66d9e5","id":"@item()?['ID']","item/Title":"@item()?['Title']","item/Status/Value":"Received"},"host":{"apiId":"/providers/Microsoft.PowerApps/apis/shared_sharepointonline","connectionName":"shared_sharepointonline","operationId":"PatchItem"},"authentication":"@parameters('$authentication')"}}},"runAfter":{"Get_items":["Succeeded"]},"type":"Foreach"}},"outputs":{}},"connectionReferences":{"shared_sharepointonline":{"connectionName":"shared-sharepointonl-a644b8d5-b189-45c9-a7fa-b14ccef2334e","source":"Embedded","id":"/providers/Microsoft.PowerApps/apis/shared_sharepointonline","tier":"NotSpecified","apiName":"sharepointonline"}},"flowFailureAlertSubscribed":false,"isManaged":false}}