{"name":"10b17c97-da1c-489a-9eaf-9444db8ac5ae","id":"/providers/Microsoft.Flow/flows/10b17c97-da1c-489a-9eaf-9444db8ac5ae","type":"Microsoft.Flow/flows","properties":{"apiId":"/providers/Microsoft.PowerApps/apis/shared_logicflows","displayName":"Oct/Solar/DateReminder","definition":{"metadata":{"workflowEntityId":null,"processAdvisorMetadata":null,"flowChargedByPaygo":null,"flowclientsuspensionreason":"None","flowclientsuspensiontime":null,"flowclientsuspensionreasondetails":null,"creator":{"id":"5dcd4e0d-57ad-418f-8bfd-73b6231d149f","type":"User","tenantId":"34ca8191-b5fc-49c7-8f74-1c5ede9f8f8c"},"provisioningMethod":"FromDefinition","failureAlertSubscription":true,"clientLastModifiedTime":"2025-02-07T08:17:36.0493236Z","connectionKeySavedTimeKey":"2025-02-07T08:17:36.0493236Z"},"$schema":"https://schema.management.azure.com/providers/Microsoft.Logic/schemas/2016-06-01/workflowdefinition.json#","contentVersion":"undefined","parameters":{"$authentication":{"defaultValue":{},"type":"SecureObject"},"$connections":{"defaultValue":{},"type":"Object"}},"triggers":{"Recurrence":{"recurrence":{"frequency":"Month","interval":"1","startTime":"2025-03-01T08:00:00.000Z"},"type":"Recurrence"}},"actions":{"Send_an_email_(V2)":{"runAfter":{},"type":"OpenApiConnection","inputs":{"parameters":{"emailMessage/To":"kelsi.naidoo007@gmail.com","emailMessage/Subject":"Reminder: Solar Data Submission Due by the 7th","emailMessage/Body":"<p class=\"editor-paragraph\">Dear Andre,</p><p class=\"editor-paragraph\"><br>This is a friendly reminder that your solar data is due by the 7th of this month.<br><br>Thank you for your cooperation.<br></p><br><p class=\"editor-paragraph\">Warm regards,</p><p class=\"editor-paragraph\">GCX Team</p><br>","emailMessage/Importance":"Normal"},"host":{"apiId":"/providers/Microsoft.PowerApps/apis/shared_office365","connectionName":"shared_office365","operationId":"SendEmailV2"},"authentication":"@parameters('$authentication')"}}}},"connectionReferences":{"shared_office365":{"connectionName":"shared-office365-7d6e1318-3131-49d1-9d4f-6fed36dcbf83","source":"Embedded","id":"/providers/Microsoft.PowerApps/apis/shared_office365","tier":"NotSpecified","apiName":"office365"}},"flowFailureAlertSubscribed":false,"isManaged":false}}