{"name":"7352c2ed-c6dd-4f2c-88a1-e71372e6c181","id":"/providers/Microsoft.Flow/flows/7352c2ed-c6dd-4f2c-88a1-e71372e6c181","type":"Microsoft.Flow/flows","properties":{"apiId":"/providers/Microsoft.PowerApps/apis/shared_logicflows","displayName":"Oct/Solar/EmailMonitoring","definition":{"metadata":{"workflowEntityId":null,"processAdvisorMetadata":null,"flowChargedByPaygo":null,"flowclientsuspensionreason":"None","flowclientsuspensiontime":null,"flowclientsuspensionreasondetails":null,"creator":{"id":"5dcd4e0d-57ad-418f-8bfd-73b6231d149f","type":"User","tenantId":"34ca8191-b5fc-49c7-8f74-1c5ede9f8f8c"},"provisioningMethod":"FromDefinition","failureAlertSubscription":true,"clientLastModifiedTime":"2025-02-07T08:28:27.737507Z","connectionKeySavedTimeKey":"2025-02-07T08:28:27.737507Z"},"$schema":"https://schema.management.azure.com/providers/Microsoft.Logic/schemas/2016-06-01/workflowdefinition.json#","contentVersion":"1.0.0.0","parameters":{"$authentication":{"defaultValue":{},"type":"SecureObject"},"$connections":{"defaultValue":{},"type":"Object"}},"triggers":{"When_a_new_email_arrives_(V3)":{"splitOn":"@triggerOutputs()?['body/value']","metadata":{"Id::AAMkADI0NGIyOGI3LTJkYzAtNDY3Mi1iMjIxLTk1MDZiNjE4MmRkNQAuAAAAAAAwIcS2aktdTYo22YX3nRM7AQAxPaNqicLCQoNIXQjxa5utAAAAAAEMAAA=":"Inbox"},"type":"OpenApiConnectionNotification","inputs":{"parameters":{"from":"kelsi.naidoo007@gmail.com","subjectFilter":"solar","fetchOnlyWithAttachment":true,"folderPath":"Id::AAMkADI0NGIyOGI3LTJkYzAtNDY3Mi1iMjIxLTk1MDZiNjE4MmRkNQAuAAAAAAAwIcS2aktdTYo22YX3nRM7AQAxPaNqicLCQoNIXQjxa5utAAAAAAEMAAA="},"host":{"apiId":"/providers/Microsoft.PowerApps/apis/shared_office365","connectionName":"shared_office365","operationId":"OnNewEmailV3"},"authentication":"@parameters('$authentication')"}}},"actions":{"Condition":{"actions":{},"runAfter":{},"else":{"actions":{}},"expression":{"or":[{"contains":["@triggerOutputs()?['body/subject']","Solar"]},{"contains":["@triggerOutputs()?['body/subject']","Blaauw"]},{"contains":["@contains(string(triggerOutputs()?['headers']?['In-Reply-To']), '@')\r\n",""]}]},"type":"If"},"For_each":{"foreach":"@triggerOutputs()?['body/attachments']","actions":{"Create_file":{"type":"OpenApiConnection","inputs":{"parameters":{"dataset":"https://gcxafricacoza.sharepoint.com/sites/ClientData","folderPath":"/Octodec/TestSolar","name":"@item()?['name']","body":"@item()?['contentBytes']"},"host":{"apiId":"/providers/Microsoft.PowerApps/apis/shared_sharepointonline","connectionName":"shared_sharepointonline","operationId":"CreateFile"},"authentication":"@parameters('$authentication')"},"runtimeConfiguration":{"contentTransfer":{"transferMode":"Chunked"}}}},"runAfter":{"Condition":["Succeeded"]},"type":"Foreach"},"Send_an_email_(V2)":{"runAfter":{"For_each":["Succeeded"]},"type":"OpenApiConnection","inputs":{"parameters":{"emailMessage/To":"kelsi.naidoo007@gmail.com","emailMessage/Subject":"Solar Data Received","emailMessage/Body":"<p class=\"editor-paragraph\">Dear Andre, <br>Your solar data submission has been received and successfully uploaded to our system.<br><br>If you have any issues, please let us know.</p><br><br><p class=\"editor-paragraph\">Warm regards,</p><p class=\"editor-paragraph\">Kelsi</p>","emailMessage/Importance":"Normal"},"host":{"apiId":"/providers/Microsoft.PowerApps/apis/shared_office365","connectionName":"shared_office365-1","operationId":"SendEmailV2"},"authentication":"@parameters('$authentication')"}}},"outputs":{}},"connectionReferences":{"shared_office365":{"connectionName":"shared-office365-7d6e1318-3131-49d1-9d4f-6fed36dcbf83","source":"Embedded","id":"/providers/Microsoft.PowerApps/apis/shared_office365","tier":"NotSpecified","apiName":"office365"},"shared_sharepointonline":{"connectionName":"shared-sharepointonl-a644b8d5-b189-45c9-a7fa-b14ccef2334e","source":"Embedded","id":"/providers/Microsoft.PowerApps/apis/shared_sharepointonline","tier":"NotSpecified","apiName":"sharepointonline"},"shared_office365-1":{"connectionName":"shared-office365-4ddc9146-3ba1-4c6e-a410-0280a67dd5f9","source":"Embedded","id":"/providers/Microsoft.PowerApps/apis/shared_office365","tier":"NotSpecified","apiName":"office365"}},"flowFailureAlertSubscribed":false,"isManaged":false}}